segment_id,from_anchor,to_anchor,phase18_intervals,phase18_kind,phase18_xy_status,blockout_start_x,blockout_start_y,blockout_end_x,blockout_end_y,floor_width_px,floor_polygon_vertex_count,z_start,z_end,support_type,neighbors,blockout_geometry_verdict,art_match_verdict,prior_assessment
S01,START,J0,8,main_stairs,PHASE18_TOPOLOGY_DESIGN_ONLY,512.0,1470.0,512.0,1300.0,16,39,0,1,rock_cut_stone_stairs_with_both_landings,EL01|ER01,PASS_VECTOR,NOT_VERIFIED,VISIBLE_BUT_CONNECTIVITY_NOT_PROVEN
EL01,J0,EL1,8,main_left,PHASE18_TOPOLOGY_DESIGN_ONLY,512.0,1300.0,350.0,1250.0,16,39,1,2,bedrock_terrace_and_landing,EL02|ER01|S01,PASS_VECTOR,NOT_VERIFIED,VISIBLE_CANDIDATE_NOT_TRACED
EL02,EL1,EL2,8,main_left,PHASE18_TOPOLOGY_DESIGN_ONLY,350.0,1250.0,205.0,1170.0,16,47,2,2,stone_bridge_piers_and_both_bank_landings,D_LC|EL01|EL03,PASS_VECTOR,NOT_VERIFIED,VISIBLE_CANDIDATE_NOT_TRACED
EL03,EL2,EL3,5,main_left,PHASE18_TOPOLOGY_DESIGN_ONLY,205.0,1170.0,245.0,1070.0,16,39,2,3,rock_cut_stone_stairs_with_both_landings,D_LA|D_LC|EL02|EL04,PASS_VECTOR,NOT_VERIFIED,VISIBLE_CANDIDATE_NOT_TRACED
EL04,EL3,P,13,main_left,PHASE18_TOPOLOGY_DESIGN_ONLY,245.0,1070.0,512.0,990.0,16,61,3,4,stone_bridge_piers_and_both_bank_landings,C01|D_LA|EL03|ER04,PASS_VECTOR,NOT_VERIFIED,VISIBLE_CANDIDATE_NOT_TRACED
ER01,J0,ER1,8,main_right,PHASE18_TOPOLOGY_DESIGN_ONLY,512.0,1300.0,670.0,1250.0,16,39,1,2,bedrock_terrace_and_landing,EL01|ER02|S01,PASS_VECTOR,NOT_VERIFIED,VISIBLE_CANDIDATE_NOT_TRACED
ER02,ER1,ER2,8,main_right,PHASE18_TOPOLOGY_DESIGN_ONLY,670.0,1250.0,825.0,1170.0,16,47,2,2,stone_bridge_piers_and_both_bank_landings,D_RC|ER01|ER03,PASS_VECTOR,NOT_VERIFIED,VISIBLE_CANDIDATE_NOT_TRACED
ER03,ER2,ER3,5,main_right,PHASE18_TOPOLOGY_DESIGN_ONLY,825.0,1170.0,785.0,1070.0,16,39,2,3,rock_cut_stone_stairs_with_both_landings,D_RC|ER02|ER04,PASS_VECTOR,NOT_VERIFIED,VISIBLE_CANDIDATE_NOT_TRACED
ER04,ER3,P,14,main_right,PHASE18_TOPOLOGY_DESIGN_ONLY,785.0,1070.0,512.0,990.0,16,63,3,4,stone_bridge_piers_and_both_bank_landings,C01|EL04|ER03,PASS_VECTOR,NOT_VERIFIED,VISIBLE_CANDIDATE_NOT_TRACED
D_LC,EL2,L_CHEST,5,reward_spur,PHASE18_TOPOLOGY_DESIGN_ONLY,205.0,1170.0,85.0,1230.0,14,47,2,2,bedrock_terrace_and_landing,EL02|EL03,PASS_VECTOR,NOT_VERIFIED,INDEPENDENT_DEAD_END_NOT_PROVEN
D_LA,EL3,L_ALTAR,15,reward_spur,PHASE18_TOPOLOGY_DESIGN_ONLY,245.0,1070.0,72.0,1005.0,14,82,3,3,bedrock_terrace_and_landing,EL03|EL04,PASS_VECTOR,NOT_VERIFIED,INDEPENDENT_DEAD_END_NOT_PROVEN
D_RC,ER2,R_CHEST,5,reward_spur,PHASE18_TOPOLOGY_DESIGN_ONLY,825.0,1170.0,955.0,1215.0,14,51,2,2,bedrock_terrace_and_landing,ER02|ER03,PASS_VECTOR,NOT_VERIFIED,INDEPENDENT_DEAD_END_NOT_PROVEN
C01,P,LOWER_GATE,3,central_main,PHASE18_TOPOLOGY_DESIGN_ONLY,512.0,990.0,512.0,918.0,16,39,4,4,rock_cut_stone_stairs_with_both_landings,C02|EL04|ER04,PASS_VECTOR,NOT_VERIFIED,VISIBLE_BUT_CONNECTIVITY_NOT_PROVEN
C02,LOWER_GATE,Q,4,central_main,PHASE18_TOPOLOGY_DESIGN_ONLY,512.0,918.0,512.0,844.0,16,39,4,5,rock_cut_stone_stairs_with_both_landings,C01|Q_L1|Q_R1,PASS_VECTOR,NOT_VERIFIED,PHYSICAL_GAP_VISIBLE
Q_L1,Q,QL1,5,parity_left,PHASE18_TOPOLOGY_DESIGN_ONLY,512.0,844.0,415.0,823.0,16,47,5,5,bedrock_terrace_and_landing,C02|Q_L2|Q_R1,PASS_VECTOR,NOT_VERIFIED,PHYSICAL_GAP_VISIBLE
Q_L2,QL1,QL2,5,parity_left,PHASE18_TOPOLOGY_DESIGN_ONLY,415.0,823.0,327.0,765.0,16,47,5,6,stone_bridge_piers_and_both_bank_landings,Q_L1|Q_L3,PASS_VECTOR,NOT_VERIFIED,VISIBLE_CANDIDATE_NOT_TRACED
Q_L3,QL2,QL3,4,parity_left,PHASE18_TOPOLOGY_DESIGN_ONLY,327.0,765.0,367.0,702.0,16,39,6,6,rock_cut_stone_stairs_with_both_landings,Q_L2|Q_L4,PASS_VECTOR,NOT_VERIFIED,VISIBLE_CANDIDATE_NOT_TRACED
Q_L4,QL3,R,7,parity_left,PHASE18_TOPOLOGY_DESIGN_ONLY,367.0,702.0,512.0,662.0,16,51,6,7,stone_bridge_piers_and_both_bank_landings,C03|Q_L3|Q_R4,PASS_VECTOR,NOT_VERIFIED,VISIBLE_CANDIDATE_NOT_TRACED
Q_R1,Q,QR1,5,parity_right,PHASE18_TOPOLOGY_DESIGN_ONLY,512.0,844.0,609.0,823.0,16,47,5,5,bedrock_terrace_and_landing,C02|Q_L1|Q_R2,PASS_VECTOR,NOT_VERIFIED,PHYSICAL_GAP_VISIBLE
Q_R2,QR1,QR2,5,parity_right,PHASE18_TOPOLOGY_DESIGN_ONLY,609.0,823.0,697.0,765.0,16,43,5,6,stone_bridge_piers_and_both_bank_landings,Q_R1|Q_R3,PASS_VECTOR,NOT_VERIFIED,VISIBLE_CANDIDATE_NOT_TRACED
Q_R3,QR2,QR3,4,parity_right,PHASE18_TOPOLOGY_DESIGN_ONLY,697.0,765.0,657.0,702.0,16,39,6,6,rock_cut_stone_stairs_with_both_landings,Q_R2|Q_R4,PASS_VECTOR,NOT_VERIFIED,VISIBLE_CANDIDATE_NOT_TRACED
Q_R4,QR3,R,7,parity_right,PHASE18_TOPOLOGY_DESIGN_ONLY,657.0,702.0,512.0,662.0,16,51,6,7,stone_bridge_piers_and_both_bank_landings,C03|Q_L4|Q_R3,PASS_VECTOR,NOT_VERIFIED,VISIBLE_CANDIDATE_NOT_TRACED
C03,R,UPPER_GATE,3,central_main,PHASE18_TOPOLOGY_DESIGN_ONLY,512.0,662.0,512.0,595.0,16,39,7,7,rock_cut_stone_stairs_with_both_landings,C04|Q_L4|Q_R4,PASS_VECTOR,NOT_VERIFIED,VISIBLE_BUT_CONNECTIVITY_NOT_PROVEN
C04,UPPER_GATE,RIVAL,3,central_main,PHASE18_TOPOLOGY_DESIGN_ONLY,512.0,595.0,512.0,527.0,16,39,7,8,rock_cut_stone_stairs_with_both_landings,C03|C05,PASS_VECTOR,NOT_VERIFIED,PHYSICAL_GAP_VISIBLE
C05,RIVAL,H,3,central_main,PHASE18_TOPOLOGY_DESIGN_ONLY,512.0,527.0,512.0,468.0,16,39,8,9,rock_cut_stone_stairs_with_both_landings,C04|LATE_L1|LATE_R1|LATE_SAFE,PASS_VECTOR,NOT_VERIFIED,VISIBLE_BUT_CONNECTIVITY_NOT_PROVEN
LATE_SAFE,H,FINAL,15,late_safe,PHASE18_TOPOLOGY_DESIGN_ONLY,512.0,468.0,512.0,150.0,16,39,9,13,bedrock_terrace_and_landing,C05|LATE_L1|LATE_L_DONE|LATE_R1|LATE_R_DONE|S_END,PASS_VECTOR,NOT_VERIFIED,VISIBLE_BUT_CONTROL_NOT_PROVEN
LATE_L1,H,CHALLENGE,10,late_challenge_entry,PHASE18_TOPOLOGY_DESIGN_ONLY,512.0,468.0,320.0,402.0,16,55,9,10,bedrock_terrace_and_landing,C05|LATE_L_FAIL|LATE_L_SUCCESS1|LATE_R1|LATE_SAFE,PASS_VECTOR,NOT_VERIFIED,PHYSICAL_GAP_VISIBLE
LATE_L_FAIL,CHALLENGE,FAIL_L,4,challenge_fail,PHASE18_TOPOLOGY_DESIGN_ONLY,320.0,402.0,270.0,323.0,16,39,10,11,bedrock_terrace_and_landing,LATE_L1|LATE_L_FAIL_JOIN|LATE_L_SUCCESS1,PASS_VECTOR,NOT_VERIFIED,CHALLENGE_PATHS_NOT_DISTINCT
LATE_L_FAIL_JOIN,FAIL_L,L_MERGE,4,challenge_fail,PHASE18_TOPOLOGY_DESIGN_ONLY,270.0,323.0,270.0,235.0,16,39,11,12,rock_cut_stone_stairs_with_both_landings,LATE_L_DONE|LATE_L_FAIL|LATE_L_SUCCESS_JOIN,PASS_VECTOR,NOT_VERIFIED,CHALLENGE_PATHS_NOT_DISTINCT
LATE_L_SUCCESS1,CHALLENGE,SUCCESS_L1,8,challenge_success,PHASE18_TOPOLOGY_DESIGN_ONLY,320.0,402.0,162.0,339.0,16,47,10,10,bedrock_terrace_and_landing,LATE_L1|LATE_L_FAIL|LATE_L_SUCCESS2,PASS_VECTOR,NOT_VERIFIED,CHALLENGE_PATHS_NOT_DISTINCT
LATE_L_SUCCESS2,SUCCESS_L1,SUCCESS_L2,3,challenge_success,PHASE18_TOPOLOGY_DESIGN_ONLY,162.0,339.0,155.0,266.0,16,43,10,11,rock_cut_stone_stairs_with_both_landings,D_LLA|LATE_L_SUCCESS1|LATE_L_SUCCESS_JOIN,PASS_VECTOR,NOT_VERIFIED,CHALLENGE_PATHS_NOT_DISTINCT
LATE_L_SUCCESS_JOIN,SUCCESS_L2,L_MERGE,6,challenge_success,PHASE18_TOPOLOGY_DESIGN_ONLY,155.0,266.0,270.0,235.0,16,47,11,12,bedrock_terrace_and_landing,D_LLA|LATE_L_DONE|LATE_L_FAIL_JOIN|LATE_L_SUCCESS2,PASS_VECTOR,NOT_VERIFIED,CHALLENGE_PATHS_NOT_DISTINCT
LATE_L_DONE,L_MERGE,FINAL,12,late_challenge_return,PHASE18_TOPOLOGY_DESIGN_ONLY,270.0,235.0,512.0,150.0,16,63,12,13,stone_bridge_piers_and_both_bank_landings,LATE_L_FAIL_JOIN|LATE_L_SUCCESS_JOIN|LATE_R_DONE|LATE_SAFE|S_END,PASS_VECTOR,NOT_VERIFIED,CHALLENGE_PATHS_NOT_DISTINCT
D_LLA,SUCCESS_L2,L_LATE_ALTAR,11,reward_spur,PHASE18_TOPOLOGY_DESIGN_ONLY,155.0,266.0,70.0,190.0,14,69,11,11,stone_bridge_piers_and_both_bank_landings,LATE_L_SUCCESS2|LATE_L_SUCCESS_JOIN,PASS_VECTOR,NOT_VERIFIED,INDEPENDENT_DEAD_END_NOT_PROVEN
LATE_R1,H,HR1,9,late_right,PHASE18_TOPOLOGY_DESIGN_ONLY,512.0,468.0,690.0,414.0,16,47,9,10,bedrock_terrace_and_landing,C05|D_RAND|LATE_L1|LATE_R2|LATE_SAFE,PASS_VECTOR,NOT_VERIFIED,PHYSICAL_GAP_VISIBLE
LATE_R2,HR1,STATUE,8,late_right,PHASE18_TOPOLOGY_DESIGN_ONLY,690.0,414.0,842.0,339.0,16,47,10,11,bedrock_terrace_and_landing,D_R5|D_RAND|LATE_R1|LATE_R3,PASS_VECTOR,NOT_VERIFIED,STATUE_TO_FINAL_NOT_PROVEN
LATE_R3,STATUE,HR3,6,late_right,PHASE18_TOPOLOGY_DESIGN_ONLY,842.0,339.0,776.0,233.0,16,53,11,12,rock_cut_stone_stairs_with_both_landings,D_R5|D_RS|LATE_R2|LATE_R_DONE,PASS_VECTOR,NOT_VERIFIED,STATUE_TO_FINAL_NOT_PROVEN
LATE_R_DONE,HR3,FINAL,13,late_right,PHASE18_TOPOLOGY_DESIGN_ONLY,776.0,233.0,512.0,150.0,16,65,12,13,stone_bridge_piers_and_both_bank_landings,D_RS|LATE_L_DONE|LATE_R3|LATE_SAFE|S_END,PASS_VECTOR,NOT_VERIFIED,STATUE_TO_FINAL_NOT_PROVEN
D_R5,STATUE,REWARD5,9,reward_spur,PHASE18_TOPOLOGY_DESIGN_ONLY,842.0,339.0,965.0,365.0,14,60,11,11,stone_bridge_piers_and_both_bank_landings,LATE_R2|LATE_R3,PASS_VECTOR,NOT_VERIFIED,INDEPENDENT_DEAD_END_NOT_PROVEN
D_RS,HR3,R_SPECIAL,12,reward_spur,PHASE18_TOPOLOGY_DESIGN_ONLY,776.0,233.0,945.0,160.0,14,69,12,12,stone_bridge_piers_and_both_bank_landings,LATE_R3|LATE_R_DONE,PASS_VECTOR,NOT_VERIFIED,INDEPENDENT_DEAD_END_NOT_PROVEN
D_RAND,HR1,RANDOM_DEN,10,optional_random_spur,PHASE18_TOPOLOGY_DESIGN_ONLY,690.0,414.0,955.0,445.0,14,64,10,10,bedrock_terrace_and_landing,LATE_R1|LATE_R2,PASS_VECTOR,NOT_VERIFIED,OPTIONAL_DEAD_END_NOT_PROVEN
S_END,FINAL,GOAL,3,main_stairs,PHASE18_TOPOLOGY_DESIGN_ONLY,512.0,150.0,512.0,83.0,16,39,13,14,rock_cut_stone_stairs_with_both_landings,LATE_L_DONE|LATE_R_DONE|LATE_SAFE,PASS_VECTOR,NOT_VERIFIED,VISIBLE_BUT_CONNECTIVITY_NOT_PROVEN
