early,Q,H,challenge,D_RAND,can_reach_GOAL,all_mandatory_anchors_unskippable,active_directed_edges,result
L,odd,safe,success,closed,True,True,318,PASS
L,odd,safe,success,open,True,True,338,PASS
L,odd,safe,fail,closed,True,True,309,PASS
L,odd,safe,fail,open,True,True,329,PASS
L,odd,left,success,closed,True,True,318,PASS
L,odd,left,success,open,True,True,338,PASS
L,odd,left,fail,closed,True,True,309,PASS
L,odd,left,fail,open,True,True,329,PASS
L,odd,right,success,closed,True,True,318,PASS
L,odd,right,success,open,True,True,338,PASS
L,odd,right,fail,closed,True,True,309,PASS
L,odd,right,fail,open,True,True,329,PASS
L,even,safe,success,closed,True,True,318,PASS
L,even,safe,success,open,True,True,338,PASS
L,even,safe,fail,closed,True,True,309,PASS
L,even,safe,fail,open,True,True,329,PASS
L,even,left,success,closed,True,True,318,PASS
L,even,left,success,open,True,True,338,PASS
L,even,left,fail,closed,True,True,309,PASS
L,even,left,fail,open,True,True,329,PASS
L,even,right,success,closed,True,True,318,PASS
L,even,right,success,open,True,True,338,PASS
L,even,right,fail,closed,True,True,309,PASS
L,even,right,fail,open,True,True,329,PASS
R,odd,safe,success,closed,True,True,318,PASS
R,odd,safe,success,open,True,True,338,PASS
R,odd,safe,fail,closed,True,True,309,PASS
R,odd,safe,fail,open,True,True,329,PASS
R,odd,left,success,closed,True,True,318,PASS
R,odd,left,success,open,True,True,338,PASS
R,odd,left,fail,closed,True,True,309,PASS
R,odd,left,fail,open,True,True,329,PASS
R,odd,right,success,closed,True,True,318,PASS
R,odd,right,success,open,True,True,338,PASS
R,odd,right,fail,closed,True,True,309,PASS
R,odd,right,fail,open,True,True,329,PASS
R,even,safe,success,closed,True,True,318,PASS
R,even,safe,success,open,True,True,338,PASS
R,even,safe,fail,closed,True,True,309,PASS
R,even,safe,fail,open,True,True,329,PASS
R,even,left,success,closed,True,True,318,PASS
R,even,left,success,open,True,True,338,PASS
R,even,left,fail,closed,True,True,309,PASS
R,even,left,fail,open,True,True,329,PASS
R,even,right,success,closed,True,True,318,PASS
R,even,right,success,open,True,True,338,PASS
R,even,right,fail,closed,True,True,309,PASS
R,even,right,fail,open,True,True,329,PASS
